timestamp,topic,category,heat
2026-06-25 12:00:00,高考志愿填报,教育,13503495
2026-06-25 13:00:00,高考志愿填报,教育,16440844
2026-06-25 14:00:00,高考志愿填报,教育,16507542
2026-06-25 15:00:00,高考志愿填报,教育,15054663
2026-06-25 16:00:00,高考志愿填报,教育,13580541
2026-06-25 17:00:00,高考志愿填报,教育,11965358
2026-06-25 18:00:00,高考志愿填报,教育,10471059
2026-06-25 19:00:00,高考志愿填报,教育,8853621
2026-06-25 20:00:00,高考志愿填报,教育,7428443
2026-06-25 21:00:00,高考志愿填报,教育,6160447
2026-06-25 22:00:00,高考志愿填报,教育,4388527
2026-06-25 23:00:00,高考志愿填报,教育,3055997
2026-06-25 12:00:00,iPhone 新品爆料,科技,10436416
2026-06-25 13:00:00,iPhone 新品爆料,科技,11986735
2026-06-25 14:00:00,iPhone 新品爆料,科技,12055302
2026-06-25 15:00:00,iPhone 新品爆料,科技,13460160
2026-06-25 16:00:00,iPhone 新品爆料,科技,15034932
2026-06-25 17:00:00,iPhone 新品爆料,科技,13431243
2026-06-25 18:00:00,iPhone 新品爆料,科技,10477747
2026-06-25 19:00:00,iPhone 新品爆料,科技,9050349
2026-06-25 20:00:00,iPhone 新品爆料,科技,7600548
2026-06-25 21:00:00,iPhone 新品爆料,科技,6094166
2026-06-25 22:00:00,iPhone 新品爆料,科技,4514344
2026-06-25 23:00:00,iPhone 新品爆料,科技,2989941
2026-06-25 12:00:00,端午高速免费,民生,4593627
2026-06-25 13:00:00,端午高速免费,民生,6028057
2026-06-25 14:00:00,端午高速免费,民生,7584606
2026-06-25 15:00:00,端午高速免费,民生,8924054
2026-06-25 16:00:00,端午高速免费,民生,10504624
2026-06-25 17:00:00,端午高速免费,民生,11831930
2026-06-25 18:00:00,端午高速免费,民生,13611593
2026-06-25 19:00:00,端午高速免费,民生,14858227
2026-06-25 20:00:00,端午高速免费,民生,13536055
2026-06-25 21:00:00,端午高速免费,民生,10570314
2026-06-25 22:00:00,端午高速免费,民生,7317129
2026-06-25 23:00:00,端午高速免费,民生,4525198
2026-06-25 12:00:00,欧洲杯揭幕战,体育,3068998
2026-06-25 13:00:00,欧洲杯揭幕战,体育,2944588
2026-06-25 14:00:00,欧洲杯揭幕战,体育,4389160
2026-06-25 15:00:00,欧洲杯揭幕战,体育,5954897
2026-06-25 16:00:00,欧洲杯揭幕战,体育,8945281
2026-06-25 17:00:00,欧洲杯揭幕战,体育,12027135
2026-06-25 18:00:00,欧洲杯揭幕战,体育,14913421
2026-06-25 19:00:00,欧洲杯揭幕战,体育,16483500
2026-06-25 20:00:00,欧洲杯揭幕战,体育,15020260
2026-06-25 21:00:00,欧洲杯揭幕战,体育,10476909
2026-06-25 22:00:00,欧洲杯揭幕战,体育,7493009
2026-06-25 23:00:00,欧洲杯揭幕战,体育,4618518
2026-06-25 12:00:00,油价调整,民生,5906051
2026-06-25 13:00:00,油价调整,民生,7533612
2026-06-25 14:00:00,油价调整,民生,8933114
2026-06-25 15:00:00,油价调整,民生,10639720
2026-06-25 16:00:00,油价调整,民生,11943327
2026-06-25 17:00:00,油价调整,民生,10548246
2026-06-25 18:00:00,油价调整,民生,9001665
2026-06-25 19:00:00,油价调整,民生,7608991
2026-06-25 20:00:00,油价调整,民生,6062843
2026-06-25 21:00:00,油价调整,民生,4544911
2026-06-25 22:00:00,油价调整,民生,2880595
2026-06-25 23:00:00,油价调整,民生,1464444
2026-06-25 12:00:00,国产大飞机首航,科技,7550770
2026-06-25 13:00:00,国产大飞机首航,科技,9020101
2026-06-25 14:00:00,国产大飞机首航,科技,10516426
2026-06-25 15:00:00,国产大飞机首航,科技,12045278
2026-06-25 16:00:00,国产大飞机首航,科技,10594464
2026-06-25 17:00:00,国产大飞机首航,科技,9065054
2026-06-25 18:00:00,国产大飞机首航,科技,7445023
2026-06-25 19:00:00,国产大飞机首航,科技,6056928
2026-06-25 20:00:00,国产大飞机首航,科技,4355757
2026-06-25 21:00:00,国产大飞机首航,科技,2917627
2026-06-25 22:00:00,国产大飞机首航,科技,1461911
2026-06-25 23:00:00,国产大飞机首航,科技,1520852
2026-06-25 12:00:00,AI 编程助手,科技,8953689
2026-06-25 13:00:00,AI 编程助手,科技,10427438
2026-06-25 14:00:00,AI 编程助手,科技,12155377
2026-06-25 15:00:00,AI 编程助手,科技,11902884
2026-06-25 16:00:00,AI 编程助手,科技,10521644
2026-06-25 17:00:00,AI 编程助手,科技,8993188
2026-06-25 18:00:00,AI 编程助手,科技,7567522
2026-06-25 19:00:00,AI 编程助手,科技,5967126
2026-06-25 20:00:00,AI 编程助手,科技,4493623
2026-06-25 21:00:00,AI 编程助手,科技,4343725
2026-06-25 22:00:00,AI 编程助手,科技,3049537
2026-06-25 23:00:00,AI 编程助手,科技,1467296
2026-06-25 12:00:00,马拉松赛事,体育,2893152
2026-06-25 13:00:00,马拉松赛事,体育,4652723
2026-06-25 14:00:00,马拉松赛事,体育,5909877
2026-06-25 15:00:00,马拉松赛事,体育,7593734
2026-06-25 16:00:00,马拉松赛事,体育,9041203
2026-06-25 17:00:00,马拉松赛事,体育,10541506
2026-06-25 18:00:00,马拉松赛事,体育,11955135
2026-06-25 19:00:00,马拉松赛事,体育,10494693
2026-06-25 20:00:00,马拉松赛事,体育,8872060
2026-06-25 21:00:00,马拉松赛事,体育,7488850
2026-06-25 22:00:00,马拉松赛事,体育,4549942
2026-06-25 23:00:00,马拉松赛事,体育,2797084
2026-06-25 12:00:00,台风路径更新,民生,7344620
2026-06-25 13:00:00,台风路径更新,民生,9139680
2026-06-25 14:00:00,台风路径更新,民生,10512797
2026-06-25 15:00:00,台风路径更新,民生,11965989
2026-06-25 16:00:00,台风路径更新,民生,11979426
2026-06-25 17:00:00,台风路径更新,民生,10589005
2026-06-25 18:00:00,台风路径更新,民生,8935267
2026-06-25 19:00:00,台风路径更新,民生,7400517
2026-06-25 20:00:00,台风路径更新,民生,5888219
2026-06-25 21:00:00,台风路径更新,民生,4446323
2026-06-25 22:00:00,台风路径更新,民生,2927615
2026-06-25 23:00:00,台风路径更新,民生,1607651
2026-06-25 12:00:00,周杰伦演唱会,娱乐,4448238
2026-06-25 13:00:00,周杰伦演唱会,娱乐,5988899
2026-06-25 14:00:00,周杰伦演唱会,娱乐,7504851
2026-06-25 15:00:00,周杰伦演唱会,娱乐,8918794
2026-06-25 16:00:00,周杰伦演唱会,娱乐,10525545
2026-06-25 17:00:00,周杰伦演唱会,娱乐,11990287
2026-06-25 18:00:00,周杰伦演唱会,娱乐,13478408
2026-06-25 19:00:00,周杰伦演唱会,娱乐,14997591
2026-06-25 20:00:00,周杰伦演唱会,娱乐,13442215
2026-06-25 21:00:00,周杰伦演唱会,娱乐,10460057
2026-06-25 22:00:00,周杰伦演唱会,娱乐,7366167
2026-06-25 23:00:00,周杰伦演唱会,娱乐,4487864
